"BehaviorSpace results (NetLogo 6.4.0)","Table version 2.0"
"ethnocentrism-proj.nlogo"
"experiment-no-perturbation-new-strategies"
"10/16/2024 18:44:12:506 +0200"
"min-pxcor","max-pxcor","min-pycor","max-pycor"
"-16","16","-16","16"
"[run number]","init-likeness-ingroup","iterations","init-likeness-outgroup","gamma","regular-perturbation?","beta","rewire-prop","num-agents","W","num-links","regular-perturbation-interval","minority-proportion","binary-strategies","relative-copy","[step]","count turtles with [type-agent = ""Altruist"" and tag = ""majority""]","count turtles with [type-agent = ""Ethnocentrist"" and tag = ""majority""]","count turtles with [type-agent = ""Cosmopolitan"" and tag = ""majority""]","count turtles with [type-agent = ""Egoist"" and tag = ""majority""]","count turtles with [type-agent = ""Undefined"" and tag = ""majority""]","count turtles with [type-agent = ""Altruist"" and tag = ""minority""]","count turtles with [type-agent = ""Ethnocentrist"" and tag = ""minority""]","count turtles with [type-agent = ""Cosmopolitan"" and tag = ""minority""]","count turtles with [type-agent = ""Egoist"" and tag = ""minority""]","count turtles with [type-agent = ""Undefined"" and tag = ""minority""]","mean-communality-majority","mean-communality-minority"
"7","0.5","1","0.5","0","false","0.002","0.2","100","0","2","250","0.2","false","true","500","0","4","0","5","71","0","0","0","9","11","677.7","32.65"
"3","0.5","1","0.5","0","false","0.002","0.2","100","0","2","250","0.2","false","true","500","8","0","0","0","72","6","0","0","0","14","964.1","1020.25"
"5","0.5","1","0.5","0","false","0.002","0.2","100","0","2","250","0.2","false","true","500","0","0","13","0","67","0","0","10","0","10","127.9","210.45"
"2","0.5","1","0.5","0","false","0.002","0.2","100","0","2","250","0.2","false","true","500","8","0","1","0","71","8","0","0","0","12","896.7125","902.85"
"4","0.5","1","0.5","0","false","0.002","0.2","100","0","2","250","0.2","false","true","500","9","0","1","0","70","8","0","2","0","10","712.775","867.7"
"1","0.5","1","0.5","0","false","0.002","0.2","100","0","2","250","0.2","false","true","500","3","7","0","0","70","1","7","0","0","12","961.275","854.95"
"6","0.5","1","0.5","0","false","0.002","0.2","100","0","2","250","0.2","false","true","500","3","1","3","0","73","0","0","6","1","13","397.7875","132.25"
"8","0.5","1","0.5","0","false","0.002","0.2","100","0","2","250","0.2","false","true","500","0","8","0","0","72","0","7","0","0","13","834.5625","870"
"9","0.5","1","0.5","0","false","0.002","0.2","100","0","2","250","0.2","false","true","500","1","1","0","9","69","0","1","1","6","12","437.525","390.25"
"10","0.5","1","0.5","0","false","0.002","0.2","100","0","2","250","0.2","false","true","500","2","0","6","0","72","4","0","4","0","12","409.7875","429.35"
"12","0.5","1","0.5","0","false","0.002","0.2","100","0","2","250","0.2","false","true","500","0","11","0","0","69","0","8","0","0","12","479.3875","750.65"
"11","0.5","1","0.5","0","false","0.002","0.2","100","0","2","250","0.2","false","true","500","0","2","1","7","70","0","2","0","6","12","130.025","284.7"
"13","0.5","1","0.5","0","false","0.002","0.2","100","0","2","250","0.2","false","true","500","10","0","1","0","69","8","0","2","0","10","889.225","538.55"
"14","0.5","1","0.5","0","false","0.002","0.2","100","0","2","250","0.2","false","true","500","2","2","5","0","71","3","1","4","0","12","253.9","540.45"
"15","0.5","1","0.5","0","false","0.002","0.2","100","0","2","250","0.2","false","true","500","0","0","0","7","73","0","0","0","7","13","60.6625","85"
"18","0.5","1","0.5","0","false","0.002","0.2","100","0","2","250","0.2","false","true","500","9","0","0","0","71","9","0","0","0","11","978.75","990.35"
"16","0.5","1","0.5","0","false","0.002","0.2","100","0","2","250","0.2","false","true","500","0","0","2","7","71","0","0","3","7","10","142.775","298.3"
"19","0.5","1","0.5","0","false","0.002","0.2","100","0","2","250","0.2","false","true","500","5","0","1","0","74","3","1","2","0","14","548.4875","757.5"
"17","0.5","1","0.5","0","false","0.002","0.2","100","0","2","250","0.2","false","true","500","0","2","1","5","72","1","1","0","4","14","279.9125","496.6"
"20","0.5","1","0.5","0","false","0.002","0.2","100","0","2","250","0.2","false","true","500","1","0","5","2","72","0","0","7","1","12","310.85","145.2"
"21","0.5","1","0.5","0","false","0.002","0.2","100","5","2","250","0.2","false","true","500","0","0","11","69","0","0","0","2","18","0","82.4","180.85"
"23","0.5","1","0.5","0","false","0.002","0.2","100","5","2","250","0.2","false","true","500","77","1","0","0","2","20","0","0","0","0","582.8875","707.55"
"27","0.5","1","0.5","0","false","0.002","0.2","100","5","2","250","0.2","false","true","500","79","0","0","0","1","20","0","0","0","0","718.1375","512.35"
"25","0.5","1","0.5","0","false","0.002","0.2","100","5","2","250","0.2","false","true","500","78","0","2","0","0","13","0","7","0","0","539.25","677.6"
"22","0.5","1","0.5","0","false","0.002","0.2","100","5","2","250","0.2","false","true","500","4","0","76","0","0","1","0","19","0","0","297.75","805.05"
"26","0.5","1","0.5","0","false","0.002","0.2","100","5","2","250","0.2","false","true","500","0","0","80","0","0","2","0","18","0","0","255.6625","833.1"
"24","0.5","1","0.5","0","false","0.002","0.2","100","5","2","250","0.2","false","true","500","0","77","0","3","0","0","18","0","2","0","395.325","147.95"
"28","0.5","1","0.5","0","false","0.002","0.2","100","5","2","250","0.2","false","true","500","1","0","79","0","0","1","0","19","0","0","251.925","649.2"
"33","0.5","1","0.5","0","false","0.002","0.2","100","5","2","250","0.2","false","true","500","73","7","0","0","0","18","0","2","0","0","614.3875","505.7"
"31","0.5","1","0.5","0","false","0.002","0.2","100","5","2","250","0.2","false","true","500","1","79","0","0","0","0","14","0","6","0","600.35","127.9"
"32","0.5","1","0.5","0","false","0.002","0.2","100","5","2","250","0.2","false","true","500","76","0","2","0","2","9","0","11","0","0","547.2875","594.5"
"34","0.5","1","0.5","0","false","0.002","0.2","100","5","2","250","0.2","false","true","500","76","4","0","0","0","16","0","4","0","0","563.9875","436.55"
"30","0.5","1","0.5","0","false","0.002","0.2","100","5","2","250","0.2","false","true","500","0","0","80","0","0","0","0","20","0","0","163.875","591.05"
"29","0.5","1","0.5","0","false","0.002","0.2","100","5","2","250","0.2","false","true","500","0","0","0","80","0","0","0","0","20","0","50.9375","44.55"
"35","0.5","1","0.5","0","false","0.002","0.2","100","5","2","250","0.2","false","true","500","79","0","0","0","1","8","0","12","0","0","683.95","486.45"
"36","0.5","1","0.5","0","false","0.002","0.2","100","5","2","250","0.2","false","true","500","79","0","0","0","1","20","0","0","0","0","613.2375","601.6"
"38","0.5","1","0.5","0","false","0.002","0.2","100","5","2","250","0.2","false","true","500","79","1","0","0","0","11","0","9","0","0","578.7875","535.5"
"40","0.5","1","0.5","0","false","0.002","0.2","100","5","2","250","0.2","false","true","500","1","78","0","0","1","1","19","0","0","0","654.8875","248.15"
"37","0.5","1","0.5","0","false","0.002","0.2","100","5","2","250","0.2","false","true","500","0","0","80","0","0","2","0","18","0","0","223.325","726.75"
"39","0.5","1","0.5","0","false","0.002","0.2","100","5","2","250","0.2","false","true","500","0","0","80","0","0","0","0","20","0","0","229.0125","832.2"
"42","0.5","1","0.5","0","false","0.002","0.2","100","10","2","250","0.2","false","true","500","61","19","0","0","0","18","2","0","0","0","643.2625","394.65"
"43","0.5","1","0.5","0","false","0.002","0.2","100","10","2","250","0.2","false","true","500","80","0","0","0","0","20","0","0","0","0","654.6125","670.85"
"44","0.5","1","0.5","0","false","0.002","0.2","100","10","2","250","0.2","false","true","500","75","5","0","0","0","20","0","0","0","0","614.1","570.7"
"46","0.5","1","0.5","0","false","0.002","0.2","100","10","2","250","0.2","false","true","500","80","0","0","0","0","17","0","3","0","0","627.8625","637.35"
"45","0.5","1","0.5","0","false","0.002","0.2","100","10","2","250","0.2","false","true","500","80","0","0","0","0","20","0","0","0","0","536.7125","673.5"
"47","0.5","1","0.5","0","false","0.002","0.2","100","10","2","250","0.2","false","true","500","80","0","0","0","0","20","0","0","0","0","672.525","592.5"
"41","0.5","1","0.5","0","false","0.002","0.2","100","10","2","250","0.2","false","true","500","0","0","1","79","0","0","0","0","20","0","37.7625","105.95"
"48","0.5","1","0.5","0","false","0.002","0.2","100","10","2","250","0.2","false","true","500","80","0","0","0","0","17","0","3","0","0","632.875","579.65"
"49","0.5","1","0.5","0","false","0.002","0.2","100","10","2","250","0.2","false","true","500","65","0","15","0","0","13","0","7","0","0","430.7875","677.25"
"51","0.5","1","0.5","0","false","0.002","0.2","100","10","2","250","0.2","false","true","500","4","76","0","0","0","0","20","0","0","0","640.75","248.4"
"53","0.5","1","0.5","0","false","0.002","0.2","100","10","2","250","0.2","false","true","500","79","0","1","0","0","12","0","8","0","0","493.4625","708.7"
"50","0.5","1","0.5","0","false","0.002","0.2","100","10","2","250","0.2","false","true","500","4","67","0","9","0","0","19","0","1","0","401.8","242.65"
"52","0.5","1","0.5","0","false","0.002","0.2","100","10","2","250","0.2","false","true","500","1","66","0","13","0","0","10","0","10","0","396.025","136.7"
"54","0.5","1","0.5","0","false","0.002","0.2","100","10","2","250","0.2","false","true","500","0","0","80","0","0","2","0","18","0","0","306.65","778.9"
"56","0.5","1","0.5","0","false","0.002","0.2","100","10","2","250","0.2","false","true","500","80","0","0","0","0","20","0","0","0","0","563.925","622.15"
"58","0.5","1","0.5","0","false","0.002","0.2","100","10","2","250","0.2","false","true","500","80","0","0","0","0","16","0","4","0","0","520.9125","680.85"
"57","0.5","1","0.5","0","false","0.002","0.2","100","10","2","250","0.2","false","true","500","0","80","0","0","0","0","16","0","4","0","462.425","132.7"
"60","0.5","1","0.5","0","false","0.002","0.2","100","10","2","250","0.2","false","true","500","80","0","0","0","0","20","0","0","0","0","677.55","478.35"
"55","0.5","1","0.5","0","false","0.002","0.2","100","10","2","250","0.2","false","true","500","0","0","0","80","0","0","0","0","20","0","52.8","46.5"
"59","0.5","1","0.5","0","false","0.002","0.2","100","10","2","250","0.2","false","true","500","0","0","80","0","0","1","0","19","0","0","273.5","711.35"
"61","0.5","1","0.5","0","false","0.002","0.2","100","15","2","250","0.2","false","true","500","66","5","9","0","0","16","0","3","1","0","476.9125","570.15"
"63","0.5","1","0.5","0","false","0.002","0.2","100","15","2","250","0.2","false","true","500","66","14","0","0","0","20","0","0","0","0","608.975","439.25"
"62","0.5","1","0.5","0","false","0.002","0.2","100","15","2","250","0.2","false","true","500","0","0","80","0","0","0","0","20","0","0","299.8375","804.7"
"66","0.5","1","0.5","0","false","0.002","0.2","100","15","2","250","0.2","false","true","500","36","44","0","0","0","5","15","0","0","0","678.0375","269.9"
"64","0.5","1","0.5","0","false","0.002","0.2","100","15","2","250","0.2","false","true","500","62","0","18","0","0","18","0","2","0","0","449.7","812.7"
"67","0.5","1","0.5","0","false","0.002","0.2","100","15","2","250","0.2","false","true","500","80","0","0","0","0","18","0","2","0","0","557.3375","644"
"65","0.5","1","0.5","0","false","0.002","0.2","100","15","2","250","0.2","false","true","500","5","0","75","0","0","6","0","14","0","0","287.2625","585.95"
"68","0.5","1","0.5","0","false","0.002","0.2","100","15","2","250","0.2","false","true","500","21","48","4","7","0","4","9","2","5","0","411.15","294.25"
"71","0.5","1","0.5","0","false","0.002","0.2","100","15","2","250","0.2","false","true","500","75","5","0","0","0","20","0","0","0","0","585.6875","505.8"
"70","0.5","1","0.5","0","false","0.002","0.2","100","15","2","250","0.2","false","true","500","80","0","0","0","0","20","0","0","0","0","536.0875","689.55"
"74","0.5","1","0.5","0","false","0.002","0.2","100","15","2","250","0.2","false","true","500","78","2","0","0","0","20","0","0","0","0","634","554.3"
"72","0.5","1","0.5","0","false","0.002","0.2","100","15","2","250","0.2","false","true","500","53","27","0","0","0","12","6","2","0","0","622.0125","362.4"
"69","0.5","1","0.5","0","false","0.002","0.2","100","15","2","250","0.2","false","true","500","1","0","79","0","0","3","0","17","0","0","302.375","794.8"
"73","0.5","1","0.5","0","false","0.002","0.2","100","15","2","250","0.2","false","true","500","52","0","28","0","0","9","0","11","0","0","424.2375","792.2"
"75","0.5","1","0.5","0","false","0.002","0.2","100","15","2","250","0.2","false","true","500","80","0","0","0","0","20","0","0","0","0","623.6125","622.6"
"77","0.5","1","0.5","0","false","0.002","0.2","100","15","2","250","0.2","false","true","500","52","28","0","0","0","11","6","3","0","0","590.3625","385.1"
"78","0.5","1","0.5","0","false","0.002","0.2","100","15","2","250","0.2","false","true","500","80","0","0","0","0","17","0","3","0","0","575.9","643.75"
"79","0.5","1","0.5","0","false","0.002","0.2","100","15","2","250","0.2","false","true","500","1","79","0","0","0","0","20","0","0","0","589.3625","156.1"
"76","0.5","1","0.5","0","false","0.002","0.2","100","15","2","250","0.2","false","true","500","49","2","29","0","0","11","0","9","0","0","401.825","582.35"
"80","0.5","1","0.5","0","false","0.002","0.2","100","15","2","250","0.2","false","true","500","69","0","11","0","0","19","0","1","0","0","463.2375","796.9"
"81","0.5","1","0.5","0","false","0.002","0.2","100","20","2","250","0.2","false","true","500","57","8","13","2","0","14","2","3","1","0","556.3875","599.75"
"82","0.5","1","0.5","0","false","0.002","0.2","100","20","2","250","0.2","false","true","500","51","17","8","4","0","11","5","2","2","0","558.6625","412.3"
"83","0.5","1","0.5","0","false","0.002","0.2","100","20","2","250","0.2","false","true","500","46","13","16","5","0","15","3","2","0","0","505.0375","539.65"
"85","0.5","1","0.5","0","false","0.002","0.2","100","20","2","250","0.2","false","true","500","57","9","11","3","0","11","4","5","0","0","595.625","579.4"
"84","0.5","1","0.5","0","false","0.002","0.2","100","20","2","250","0.2","false","true","500","54","11","11","4","0","13","3","4","0","0","587.2875","516.6"
"87","0.5","1","0.5","0","false","0.002","0.2","100","20","2","250","0.2","false","true","500","64","8","6","2","0","12","2","6","0","0","586.9875","540.25"
"86","0.5","1","0.5","0","false","0.002","0.2","100","20","2","250","0.2","false","true","500","52","9","16","3","0","12","2","4","2","0","534.0625","559.55"
"88","0.5","1","0.5","0","false","0.002","0.2","100","20","2","250","0.2","false","true","500","47","12","13","8","0","12","6","2","0","0","508.2","565.75"
"89","0.5","1","0.5","0","false","0.002","0.2","100","20","2","250","0.2","false","true","500","49","11","16","4","0","13","4","2","1","0","539.25","521.7"
"90","0.5","1","0.5","0","false","0.002","0.2","100","20","2","250","0.2","false","true","500","54","12","12","2","0","12","5","2","1","0","567.975","513.2"
"91","0.5","1","0.5","0","false","0.002","0.2","100","20","2","250","0.2","false","true","500","51","12","14","3","0","10","3","4","3","0","514.275","478.65"
"92","0.5","1","0.5","0","false","0.002","0.2","100","20","2","250","0.2","false","true","500","51","14","12","3","0","9","5","6","0","0","533.875","474.9"
"93","0.5","1","0.5","0","false","0.002","0.2","100","20","2","250","0.2","false","true","500","50","11","16","3","0","11","2","6","1","0","530.95","541.35"
"94","0.5","1","0.5","0","false","0.002","0.2","100","20","2","250","0.2","false","true","500","54","12","10","4","0","15","1","2","2","0","565.9875","559.6"
"101","0.5","1","0.5","5","false","0.002","0.2","100","0","2","250","0.2","false","true","500","10","0","0","0","70","9","0","0","0","11","958.9875","1008.85"
"102","0.5","1","0.5","5","false","0.002","0.2","100","0","2","250","0.2","false","true","500","0","0","0","10","70","0","0","0","9","11","68.875","18.6"
"103","0.5","1","0.5","5","false","0.002","0.2","100","0","2","250","0.2","false","true","500","0","0","10","3","67","0","0","8","2","10","248.2375","204.35"
"95","0.5","1","0.5","0","false","0.002","0.2","100","20","2","250","0.2","false","true","500","47","13","18","2","0","9","6","2","3","0","502.4875","501.65"
"104","0.5","1","0.5","5","false","0.002","0.2","100","0","2","250","0.2","false","true","500","1","10","0","0","69","1","8","0","0","11","968.175","772.75"
"105","0.5","1","0.5","5","false","0.002","0.2","100","0","2","250","0.2","false","true","500","0","0","0","13","67","0","0","0","10","10","58.85","22.05"
"96","0.5","1","0.5","0","false","0.002","0.2","100","20","2","250","0.2","false","true","500","50","16","12","2","0","10","4","5","1","0","576.8875","467.65"
"106","0.5","1","0.5","5","false","0.002","0.2","100","0","2","250","0.2","false","true","500","0","0","7","1","72","1","0","3","2","14","201.25","294.8"
"107","0.5","1","0.5","5","false","0.002","0.2","100","0","2","250","0.2","false","true","500","4","5","0","0","71","4","3","0","0","13","970","926.7"
"108","0.5","1","0.5","5","false","0.002","0.2","100","0","2","250","0.2","false","true","500","0","0","0","10","70","0","0","0","10","10","14.9375","18.3"
"109","0.5","1","0.5","5","false","0.002","0.2","100","0","2","250","0.2","false","true","500","0","6","0","0","74","0","6","0","0","14","919.5875","854.95"
"110","0.5","1","0.5","5","false","0.002","0.2","100","0","2","250","0.2","false","true","500","11","1","0","1","67","9","2","0","0","9","881.0375","863.6"
"98","0.5","1","0.5","0","false","0.002","0.2","100","20","2","250","0.2","false","true","500","51","14","13","2","0","16","2","2","0","0","551.1","597.7"
"111","0.5","1","0.5","5","false","0.002","0.2","100","0","2","250","0.2","false","true","500","0","0","6","0","74","0","0","6","0","14","211.325","144.2"
"112","0.5","1","0.5","5","false","0.002","0.2","100","0","2","250","0.2","false","true","500","0","0","7","5","68","0","0","7","2","11","102.5375","185.25"
"113","0.5","1","0.5","5","false","0.002","0.2","100","0","2","250","0.2","false","true","500","3","1","0","6","70","1","0","0","6","13","453.2125","305.5"
"100","0.5","1","0.5","0","false","0.002","0.2","100","20","2","250","0.2","false","true","500","50","15","13","2","0","13","4","3","0","0","538.325","551.75"
"97","0.5","1","0.5","0","false","0.002","0.2","100","20","2","250","0.2","false","true","500","46","14","17","3","0","8","4","5","3","0","497.65","419.75"
"99","0.5","1","0.5","0","false","0.002","0.2","100","20","2","250","0.2","false","true","500","48","14","12","6","0","6","7","5","2","0","533.975","379.75"
"114","0.5","1","0.5","5","false","0.002","0.2","100","0","2","250","0.2","false","true","500","0","0","4","5","71","0","0","4","6","10","78.45","98.25"
"115","0.5","1","0.5","5","false","0.002","0.2","100","0","2","250","0.2","false","true","500","0","11","0","0","69","0","9","0","0","11","942.2625","780.3"
"116","0.5","1","0.5","5","false","0.002","0.2","100","0","2","250","0.2","false","true","500","0","12","0","0","68","0","10","0","0","10","847.3125","727.7"
"117","0.5","1","0.5","5","false","0.002","0.2","100","0","2","250","0.2","false","true","500","0","9","0","0","71","0","9","0","0","11","843.7375","763.95"
"118","0.5","1","0.5","5","false","0.002","0.2","100","0","2","250","0.2","false","true","500","4","2","1","0","73","1","2","3","0","14","799.225","434.2"
"119","0.5","1","0.5","5","false","0.002","0.2","100","0","2","250","0.2","false","true","500","7","4","0","0","69","6","4","0","0","10","937.575","887.4"
"120","0.5","1","0.5","5","false","0.002","0.2","100","0","2","250","0.2","false","true","500","4","0","4","0","72","0","0","8","0","12","422.7625","176.1"
"123","0.5","1","0.5","5","false","0.002","0.2","100","5","2","250","0.2","false","true","500","79","0","0","0","1","20","0","0","0","0","609.8125","686"
"124","0.5","1","0.5","5","false","0.002","0.2","100","5","2","250","0.2","false","true","500","77","0","0","0","3","20","0","0","0","0","589.6625","662.1"
"122","0.5","1","0.5","5","false","0.002","0.2","100","5","2","250","0.2","false","true","500","44","0","36","0","0","11","0","9","0","0","417.025","629.8"
"121","0.5","1","0.5","5","false","0.002","0.2","100","5","2","250","0.2","false","true","500","0","0","0","80","0","0","1","0","19","0","73.85","49.95"
"126","0.5","1","0.5","5","false","0.002","0.2","100","5","2","250","0.2","false","true","500","79","1","0","0","0","15","0","5","0","0","592.8","647.15"
"127","0.5","1","0.5","5","false","0.002","0.2","100","5","2","250","0.2","false","true","500","79","0","0","0","1","20","0","0","0","0","607.2125","606.8"
"125","0.5","1","0.5","5","false","0.002","0.2","100","5","2","250","0.2","false","true","500","1","0","79","0","0","0","0","20","0","0","246.425","624.05"
"128","0.5","1","0.5","5","false","0.002","0.2","100","5","2","250","0.2","false","true","500","80","0","0","0","0","20","0","0","0","0","639.825","572.1"
"129","0.5","1","0.5","5","false","0.002","0.2","100","5","2","250","0.2","false","true","500","1","79","0","0","0","0","20","0","0","0","584.3","177.35"
"131","0.5","1","0.5","5","false","0.002","0.2","100","5","2","250","0.2","false","true","500","80","0","0","0","0","20","0","0","0","0","669.1625","710.95"
"130","0.5","1","0.5","5","false","0.002","0.2","100","5","2","250","0.2","false","true","500","0","0","78","0","2","0","0","20","0","0","211.05","710.65"
"134","0.5","1","0.5","5","false","0.002","0.2","100","5","2","250","0.2","false","true","500","74","4","0","0","2","20","0","0","0","0","673.5","511.3"
"133","0.5","1","0.5","5","false","0.002","0.2","100","5","2","250","0.2","false","true","500","80","0","0","0","0","19","0","1","0","0","590.0125","699.75"
"132","0.5","1","0.5","5","false","0.002","0.2","100","5","2","250","0.2","false","true","500","0","0","0","80","0","0","6","0","14","0","119.7625","116"
"136","0.5","1","0.5","5","false","0.002","0.2","100","5","2","250","0.2","false","true","500","80","0","0","0","0","20","0","0","0","0","670.425","615"
"135","0.5","1","0.5","5","false","0.002","0.2","100","5","2","250","0.2","false","true","500","0","0","80","0","0","0","0","20","0","0","231.8125","691.5"
"138","0.5","1","0.5","5","false","0.002","0.2","100","5","2","250","0.2","false","true","500","78","0","0","0","2","20","0","0","0","0","668.2125","561.05"
"137","0.5","1","0.5","5","false","0.002","0.2","100","5","2","250","0.2","false","true","500","1","79","0","0","0","0","20","0","0","0","636.0375","275.65"
"139","0.5","1","0.5","5","false","0.002","0.2","100","5","2","250","0.2","false","true","500","1","75","0","4","0","0","20","0","0","0","476.175","162.35"
"140","0.5","1","0.5","5","false","0.002","0.2","100","5","2","250","0.2","false","true","500","0","0","80","0","0","1","0","19","0","0","233.475","753.45"
"141","0.5","1","0.5","5","false","0.002","0.2","100","10","2","250","0.2","false","true","500","77","0","3","0","0","20","0","0","0","0","537.4875","765.25"
"144","0.5","1","0.5","5","false","0.002","0.2","100","10","2","250","0.2","false","true","500","80","0","0","0","0","20","0","0","0","0","706.7625","614.95"
"145","0.5","1","0.5","5","false","0.002","0.2","100","10","2","250","0.2","false","true","500","80","0","0","0","0","20","0","0","0","0","600.65","632.45"
"143","0.5","1","0.5","5","false","0.002","0.2","100","10","2","250","0.2","false","true","500","0","0","80","0","0","1","0","19","0","0","287.0125","788.8"
"147","0.5","1","0.5","5","false","0.002","0.2","100","10","2","250","0.2","false","true","500","76","4","0","0","0","20","0","0","0","0","623.3875","504.95"
"142","0.5","1","0.5","5","false","0.002","0.2","100","10","2","250","0.2","false","true","500","0","0","80","0","0","0","0","20","0","0","223.3","814.6"
"146","0.5","1","0.5","5","false","0.002","0.2","100","10","2","250","0.2","false","true","500","0","80","0","0","0","0","16","0","4","0","563.9375","126.5"
"150","0.5","1","0.5","5","false","0.002","0.2","100","10","2","250","0.2","false","true","500","80","0","0","0","0","20","0","0","0","0","650.1375","749.85"
"148","0.5","1","0.5","5","false","0.002","0.2","100","10","2","250","0.2","false","true","500","0","0","80","0","0","1","0","19","0","0","248.2","678.65"
"151","0.5","1","0.5","5","false","0.002","0.2","100","10","2","250","0.2","false","true","500","80","0","0","0","0","20","0","0","0","0","610.2875","729.6"
"152","0.5","1","0.5","5","false","0.002","0.2","100","10","2","250","0.2","false","true","500","80","0","0","0","0","20","0","0","0","0","696.875","595.9"
"154","0.5","1","0.5","5","false","0.002","0.2","100","10","2","250","0.2","false","true","500","67","13","0","0","0","20","0","0","0","0","658.05","414.5"
"149","0.5","1","0.5","5","false","0.002","0.2","100","10","2","250","0.2","false","true","500","0","0","80","0","0","0","0","20","0","0","215.575","779.55"
"153","0.5","1","0.5","5","false","0.002","0.2","100","10","2","250","0.2","false","true","500","3","0","77","0","0","4","0","16","0","0","282.75","674.65"
"156","0.5","1","0.5","5","false","0.002","0.2","100","10","2","250","0.2","false","true","500","80","0","0","0","0","20","0","0","0","0","624.425","562.15"
"155","0.5","1","0.5","5","false","0.002","0.2","100","10","2","250","0.2","false","true","500","0","0","80","0","0","0","0","20","0","0","249.425","869.1"
"157","0.5","1","0.5","5","false","0.002","0.2","100","10","2","250","0.2","false","true","500","80","0","0","0","0","15","0","5","0","0","580.4875","564.6"
"160","0.5","1","0.5","5","false","0.002","0.2","100","10","2","250","0.2","false","true","500","80","0","0","0","0","20","0","0","0","0","594.7","521.1"
"159","0.5","1","0.5","5","false","0.002","0.2","100","10","2","250","0.2","false","true","500","79","1","0","0","0","20","0","0","0","0","615.0375","495.15"
"158","0.5","1","0.5","5","false","0.002","0.2","100","10","2","250","0.2","false","true","500","77","3","0","0","0","20","0","0","0","0","572.2375","481.6"
"161","0.5","1","0.5","5","false","0.002","0.2","100","15","2","250","0.2","false","true","500","19","0","61","0","0","5","0","15","0","0","350.6875","587.05"
"165","0.5","1","0.5","5","false","0.002","0.2","100","15","2","250","0.2","false","true","500","70","10","0","0","0","19","1","0","0","0","635.5625","407.85"
"166","0.5","1","0.5","5","false","0.002","0.2","100","15","2","250","0.2","false","true","500","79","1","0","0","0","20","0","0","0","0","592.15","636.55"
"163","0.5","1","0.5","5","false","0.002","0.2","100","15","2","250","0.2","false","true","500","1","79","0","0","0","0","20","0","0","0","590.275","289.9"
"164","0.5","1","0.5","5","false","0.002","0.2","100","15","2","250","0.2","false","true","500","53","2","25","0","0","15","0","5","0","0","416.225","466.2"
"162","0.5","1","0.5","5","false","0.002","0.2","100","15","2","250","0.2","false","true","500","0","1","61","18","0","2","0","15","3","0","250.1375","449.05"
"167","0.5","1","0.5","5","false","0.002","0.2","100","15","2","250","0.2","false","true","500","0","0","24","56","0","0","0","2","18","0","139.1625","295.1"
"168","0.5","1","0.5","5","false","0.002","0.2","100","15","2","250","0.2","false","true","500","68","0","12","0","0","16","0","4","0","0","445.575","656"
"169","0.5","1","0.5","5","false","0.002","0.2","100","15","2","250","0.2","false","true","500","46","0","34","0","0","13","0","7","0","0","399.6875","764.1"
"172","0.5","1","0.5","5","false","0.002","0.2","100","15","2","250","0.2","false","true","500","80","0","0","0","0","20","0","0","0","0","640.5875","663.7"
"173","0.5","1","0.5","5","false","0.002","0.2","100","15","2","250","0.2","false","true","500","80","0","0","0","0","18","0","2","0","0","559.1","748.95"
"170","0.5","1","0.5","5","false","0.002","0.2","100","15","2","250","0.2","false","true","500","0","0","80","0","0","0","0","20","0","0","242.1875","636.05"
"171","0.5","1","0.5","5","false","0.002","0.2","100","15","2","250","0.2","false","true","500","0","11","0","69","0","0","16","0","4","0","220.55","128.4"
"174","0.5","1","0.5","5","false","0.002","0.2","100","15","2","250","0.2","false","true","500","22","58","0","0","0","6","14","0","0","0","577.45","384"
"175","0.5","1","0.5","5","false","0.002","0.2","100","15","2","250","0.2","false","true","500","79","1","0","0","0","20","0","0","0","0","619.05","492.45"
"179","0.5","1","0.5","5","false","0.002","0.2","100","15","2","250","0.2","false","true","500","80","0","0","0","0","19","0","1","0","0","609.2","605.9"
"177","0.5","1","0.5","5","false","0.002","0.2","100","15","2","250","0.2","false","true","500","5","0","75","0","0","1","0","19","0","0","329.5875","684.25"
"176","0.5","1","0.5","5","false","0.002","0.2","100","15","2","250","0.2","false","true","500","0","0","14","66","0","0","3","2","15","0","163.0625","286.95"
"180","0.5","1","0.5","5","false","0.002","0.2","100","15","2","250","0.2","false","true","500","0","79","0","1","0","0","18","0","2","0","479.55","187.5"
"178","0.5","1","0.5","5","false","0.002","0.2","100","15","2","250","0.2","false","true","500","7","3","7","63","0","0","4","1","15","0","249.0875","278.8"
"181","0.5","1","0.5","5","false","0.002","0.2","100","20","2","250","0.2","false","true","500","52","16","7","5","0","11","3","6","0","0","508.8875","176.15"
"182","0.5","1","0.5","5","false","0.002","0.2","100","20","2","250","0.2","false","true","500","48","12","18","2","0","11","3","4","2","0","385.65","403.25"
"184","0.5","1","0.5","5","false","0.002","0.2","100","20","2","250","0.2","false","true","500","48","12","17","3","0","13","3","4","0","0","333.175","558.1"
"183","0.5","1","0.5","5","false","0.002","0.2","100","20","2","250","0.2","false","true","500","53","13","9","5","0","12","3","4","1","0","424.9875","374.65"
"185","0.5","1","0.5","5","false","0.002","0.2","100","20","2","250","0.2","false","true","500","55","13","8","4","0","13","5","2","0","0","434.9875","507.2"
"187","0.5","1","0.5","5","false","0.002","0.2","100","20","2","250","0.2","false","true","500","48","15","13","4","0","17","1","2","0","0","432.55","345.35"
"186","0.5","1","0.5","5","false","0.002","0.2","100","20","2","250","0.2","false","true","500","54","11","9","6","0","12","5","3","0","0","438.2625","533.25"
"188","0.5","1","0.5","5","false","0.002","0.2","100","20","2","250","0.2","false","true","500","56","10","12","2","0","13","1","4","2","0","432.7875","542.2"
"189","0.5","1","0.5","5","false","0.002","0.2","100","20","2","250","0.2","false","true","500","55","12","13","0","0","14","3","3","0","0","418.3375","554.5"
"191","0.5","1","0.5","5","false","0.002","0.2","100","20","2","250","0.2","false","true","500","48","17","12","3","0","14","3","1","2","0","341.975","286.55"
"190","0.5","1","0.5","5","false","0.002","0.2","100","20","2","250","0.2","false","true","500","47","18","13","2","0","12","4","4","0","0","429.9125","519"
"192","0.5","1","0.5","5","false","0.002","0.2","100","20","2","250","0.2","false","true","500","46","22","8","4","0","13","3","4","0","0","428.95","397.15"
"193","0.5","1","0.5","5","false","0.002","0.2","100","20","2","250","0.2","false","true","500","54","10","15","1","0","16","1","3","0","0","460.5875","595.8"
"194","0.5","1","0.5","5","false","0.002","0.2","100","20","2","250","0.2","false","true","500","49","10","20","1","0","11","5","3","1","0","326.55","581.6"
"201","0.5","1","0.5","10","false","0.002","0.2","100","0","2","250","0.2","false","true","500","0","0","4","4","72","0","0","4","4","12","34.9875","100.25"
"202","0.5","1","0.5","10","false","0.002","0.2","100","0","2","250","0.2","false","true","500","0","0","9","0","71","0","0","7","0","13","324.675","394.65"
"195","0.5","1","0.5","5","false","0.002","0.2","100","20","2","250","0.2","false","true","500","53","15","11","1","0","9","7","3","1","0","370.9125","725.95"
"196","0.5","1","0.5","5","false","0.002","0.2","100","20","2","250","0.2","false","true","500","46","16","16","2","0","11","4","4","1","0","339.5125","630.25"
"203","0.5","1","0.5","10","false","0.002","0.2","100","0","2","250","0.2","false","true","500","7","0","1","0","72","2","0","5","0","13","829.25","231.8"
"204","0.5","1","0.5","10","false","0.002","0.2","100","0","2","250","0.2","false","true","500","0","0","7","2","71","0","0","5","2","13","49.925","126.8"
"205","0.5","1","0.5","10","false","0.002","0.2","100","0","2","250","0.2","false","true","500","0","0","9","0","71","0","0","8","0","12","60.95","196.9"
"197","0.5","1","0.5","5","false","0.002","0.2","100","20","2","250","0.2","false","true","500","47","14","15","4","0","12","2","5","1","0","420.0375","126.4"
"207","0.5","1","0.5","10","false","0.002","0.2","100","0","2","250","0.2","false","true","500","0","0","6","1","73","0","0","6","1","13","69.7","269.25"
"206","0.5","1","0.5","10","false","0.002","0.2","100","0","2","250","0.2","false","true","500","1","5","2","0","72","1","3","2","0","14","717.6875","573.35"
"208","0.5","1","0.5","10","false","0.002","0.2","100","0","2","250","0.2","false","true","500","0","0","11","1","68","0","0","8","1","11","52.025","195.2"
"198","0.5","1","0.5","5","false","0.002","0.2","100","20","2","250","0.2","false","true","500","52","17","8","3","0","13","3","4","0","0","496.375","407.15"
"209","0.5","1","0.5","10","false","0.002","0.2","100","0","2","250","0.2","false","true","500","9","0","1","0","70","8","0","1","0","11","793.8","818.05"
"211","0.5","1","0.5","10","false","0.002","0.2","100","0","2","250","0.2","false","true","500","0","0","0","11","69","0","0","0","10","10","96.925","17.95"
"210","0.5","1","0.5","10","false","0.002","0.2","100","0","2","250","0.2","false","true","500","0","1","1","3","75","0","2","1","5","12","48.55","312.7"
"212","0.5","1","0.5","10","false","0.002","0.2","100","0","2","250","0.2","false","true","500","0","0","0","7","73","0","0","0","6","14","75.075","45.25"
"199","0.5","1","0.5","5","false","0.002","0.2","100","20","2","250","0.2","false","true","500","55","12","13","0","0","14","5","1","0","0","406","674.5"
"213","0.5","1","0.5","10","false","0.002","0.2","100","0","2","250","0.2","false","true","500","0","0","10","0","70","0","0","9","0","11","115.4125","140.1"
"214","0.5","1","0.5","10","false","0.002","0.2","100","0","2","250","0.2","false","true","500","0","0","10","0","70","0","0","10","0","10","68.8125","140.85"
"216","0.5","1","0.5","10","false","0.002","0.2","100","0","2","250","0.2","false","true","500","1","8","0","0","71","1","7","0","0","12","895.4875","859.05"
"215","0.5","1","0.5","10","false","0.002","0.2","100","0","2","250","0.2","false","true","500","5","0","0","3","72","3","3","1","0","13","288.85","876.25"
"217","0.5","1","0.5","10","false","0.002","0.2","100","0","2","250","0.2","false","true","500","0","0","5","5","70","0","0","6","3","11","49.425","95.75"
"200","0.5","1","0.5","5","false","0.002","0.2","100","20","2","250","0.2","false","true","500","56","10","10","4","0","12","4","4","0","0","383.8375","499.95"
"218","0.5","1","0.5","10","false","0.002","0.2","100","0","2","250","0.2","false","true","500","2","0","11","0","67","0","0","12","0","8","206.95","270.5"
"219","0.5","1","0.5","10","false","0.002","0.2","100","0","2","250","0.2","false","true","500","5","6","0","0","69","3","7","0","0","10","899.525","875"
"220","0.5","1","0.5","10","false","0.002","0.2","100","0","2","250","0.2","false","true","500","0","0","8","0","72","0","0","8","0","12","68.375","269"
"223","0.5","1","0.5","10","false","0.002","0.2","100","5","2","250","0.2","false","true","500","79","1","0","0","0","20","0","0","0","0","700.6875","640.7"
"221","0.5","1","0.5","10","false","0.002","0.2","100","5","2","250","0.2","false","true","500","0","0","80","0","0","0","0","20","0","0","239.7","772.5"
"222","0.5","1","0.5","10","false","0.002","0.2","100","5","2","250","0.2","false","true","500","0","0","80","0","0","0","0","20","0","0","205.2125","714.25"
"224","0.5","1","0.5","10","false","0.002","0.2","100","5","2","250","0.2","false","true","500","0","0","79","1","0","3","0","17","0","0","252.2125","754.35"
"226","0.5","1","0.5","10","false","0.002","0.2","100","5","2","250","0.2","false","true","500","80","0","0","0","0","15","0","5","0","0","577.7375","661.85"
"225","0.5","1","0.5","10","false","0.002","0.2","100","5","2","250","0.2","false","true","500","0","0","0","80","0","0","0","0","20","0","53.5375","65.65"
"227","0.5","1","0.5","10","false","0.002","0.2","100","5","2","250","0.2","false","true","500","18","0","62","0","0","7","0","13","0","0","355.5125","670.3"
"228","0.5","1","0.5","10","false","0.002","0.2","100","5","2","250","0.2","false","true","500","1","79","0","0","0","0","20","0","0","0","559.5375","263.95"
"230","0.5","1","0.5","10","false","0.002","0.2","100","5","2","250","0.2","false","true","500","80","0","0","0","0","20","0","0","0","0","613.5125","675.35"
"229","0.5","1","0.5","10","false","0.002","0.2","100","5","2","250","0.2","false","true","500","1","78","0","1","0","0","9","0","11","0","443.3","194.25"
"231","0.5","1","0.5","10","false","0.002","0.2","100","5","2","250","0.2","false","true","500","0","0","80","0","0","2","0","18","0","0","229.575","745.7"
"233","0.5","1","0.5","10","false","0.002","0.2","100","5","2","250","0.2","false","true","500","77","1","0","0","2","20","0","0","0","0","641.775","620.25"
"232","0.5","1","0.5","10","false","0.002","0.2","100","5","2","250","0.2","false","true","500","73","0","7","0","0","10","0","10","0","0","482.55","602"
"234","0.5","1","0.5","10","false","0.002","0.2","100","5","2","250","0.2","false","true","500","80","0","0","0","0","19","0","1","0","0","571.125","657.95"
"236","0.5","1","0.5","10","false","0.002","0.2","100","5","2","250","0.2","false","true","500","4","76","0","0","0","0","19","0","1","0","491.9875","263.05"
"235","0.5","1","0.5","10","false","0.002","0.2","100","5","2","250","0.2","false","true","500","2","0","78","0","0","5","0","15","0","0","280.7875","689.85"
"237","0.5","1","0.5","10","false","0.002","0.2","100","5","2","250","0.2","false","true","500","73","0","6","1","0","10","0","10","0","0","465.625","614.4"
"239","0.5","1","0.5","10","false","0.002","0.2","100","5","2","250","0.2","false","true","500","52","28","0","0","0","17","2","1","0","0","615.3875","411.05"
"238","0.5","1","0.5","10","false","0.002","0.2","100","5","2","250","0.2","false","true","500","0","0","80","0","0","0","0","20","0","0","206.7625","807.75"
"240","0.5","1","0.5","10","false","0.002","0.2","100","5","2","250","0.2","false","true","500","0","0","80","0","0","0","0","20","0","0","195.3","648.1"
"244","0.5","1","0.5","10","false","0.002","0.2","100","10","2","250","0.2","false","true","500","80","0","0","0","0","20","0","0","0","0","575.35","723.05"
"241","0.5","1","0.5","10","false","0.002","0.2","100","10","2","250","0.2","false","true","500","0","0","0","80","0","0","2","0","18","0","155.35","131.25"
"242","0.5","1","0.5","10","false","0.002","0.2","100","10","2","250","0.2","false","true","500","0","0","0","80","0","0","0","0","20","0","132.4375","130.7"
"246","0.5","1","0.5","10","false","0.002","0.2","100","10","2","250","0.2","false","true","500","0","0","80","0","0","0","0","20","0","0","239.7125","833.9"
"247","0.5","1","0.5","10","false","0.002","0.2","100","10","2","250","0.2","false","true","500","0","0","80","0","0","0","0","20","0","0","219.5","772.4"
"243","0.5","1","0.5","10","false","0.002","0.2","100","10","2","250","0.2","false","true","500","0","0","0","80","0","0","0","0","20","0","30.6875","33.85"
"245","0.5","1","0.5","10","false","0.002","0.2","100","10","2","250","0.2","false","true","500","0","0","19","61","0","0","0","1","19","0","84.7875","242"
"249","0.5","1","0.5","10","false","0.002","0.2","100","10","2","250","0.2","false","true","500","80","0","0","0","0","20","0","0","0","0","580.65","688.1"
"248","0.5","1","0.5","10","false","0.002","0.2","100","10","2","250","0.2","false","true","500","0","2","9","69","0","0","8","0","12","0","209.8","308"
"252","0.5","1","0.5","10","false","0.002","0.2","100","10","2","250","0.2","false","true","500","0","79","0","0","1","0","20","0","0","0","644.3375","119.8"
"253","0.5","1","0.5","10","false","0.002","0.2","100","10","2","250","0.2","false","true","500","63","0","17","0","0","13","0","7","0","0","441.8375","705.75"
"250","0.5","1","0.5","10","false","0.002","0.2","100","10","2","250","0.2","false","true","500","0","0","80","0","0","2","0","18","0","0","235.9375","590.35"
"255","0.5","1","0.5","10","false","0.002","0.2","100","10","2","250","0.2","false","true","500","80","0","0","0","0","20","0","0","0","0","666.2125","630.9"
"251","0.5","1","0.5","10","false","0.002","0.2","100","10","2","250","0.2","false","true","500","0","1","0","79","0","0","0","0","20","0","104.1625","95.95"
"254","0.5","1","0.5","10","false","0.002","0.2","100","10","2","250","0.2","false","true","500","0","0","0","80","0","0","0","0","20","0","51.7125","123.55"
"256","0.5","1","0.5","10","false","0.002","0.2","100","10","2","250","0.2","false","true","500","80","0","0","0","0","20","0","0","0","0","699.425","695.9"
"258","0.5","1","0.5","10","false","0.002","0.2","100","10","2","250","0.2","false","true","500","80","0","0","0","0","20","0","0","0","0","651.0125","647.65"
"257","0.5","1","0.5","10","false","0.002","0.2","100","10","2","250","0.2","false","true","500","3","0","77","0","0","7","0","13","0","0","306.975","761.55"
"260","0.5","1","0.5","10","false","0.002","0.2","100","10","2","250","0.2","false","true","500","76","0","4","0","0","19","0","1","0","0","485.9375","687.45"
"259","0.5","1","0.5","10","false","0.002","0.2","100","10","2","250","0.2","false","true","500","0","0","1","79","0","0","0","1","19","0","71.975","191.95"
"262","0.5","1","0.5","10","false","0.002","0.2","100","15","2","250","0.2","false","true","500","3","0","76","1","0","0","0","20","0","0","311.4625","558.9"
"261","0.5","1","0.5","10","false","0.002","0.2","100","15","2","250","0.2","false","true","500","0","0","39","41","0","0","0","11","9","0","120.65","397.7"
"265","0.5","1","0.5","10","false","0.002","0.2","100","15","2","250","0.2","false","true","500","0","0","80","0","0","0","0","20","0","0","247.75","745.05"
"264","0.5","1","0.5","10","false","0.002","0.2","100","15","2","250","0.2","false","true","500","13","19","10","38","0","2","8","1","9","0","303.8875","298.75"
"267","0.5","1","0.5","10","false","0.002","0.2","100","15","2","250","0.2","false","true","500","80","0","0","0","0","17","0","3","0","0","653.675","559.45"
"263","0.5","1","0.5","10","false","0.002","0.2","100","15","2","250","0.2","false","true","500","0","0","0","80","0","0","0","0","20","0","56.5375","64.15"
"266","0.5","1","0.5","10","false","0.002","0.2","100","15","2","250","0.2","false","true","500","1","79","0","0","0","0","20","0","0","0","499.7375","179.2"
"269","0.5","1","0.5","10","false","0.002","0.2","100","15","2","250","0.2","false","true","500","4","76","0","0","0","0","20","0","0","0","611.2375","309.65"
"268","0.5","1","0.5","10","false","0.002","0.2","100","15","2","250","0.2","false","true","500","0","0","80","0","0","0","0","20","0","0","271.825","786.25"
"273","0.5","1","0.5","10","false","0.002","0.2","100","15","2","250","0.2","false","true","500","0","80","0","0","0","0","20","0","0","0","621.6","295.85"
"271","0.5","1","0.5","10","false","0.002","0.2","100","15","2","250","0.2","false","true","500","0","0","80","0","0","0","0","20","0","0","267.175","743.35"
"270","0.5","1","0.5","10","false","0.002","0.2","100","15","2","250","0.2","false","true","500","0","0","80","0","0","1","0","19","0","0","269.3","829.45"
"274","0.5","1","0.5","10","false","0.002","0.2","100","15","2","250","0.2","false","true","500","0","0","80","0","0","0","0","20","0","0","254.1625","744.7"
"272","0.5","1","0.5","10","false","0.002","0.2","100","15","2","250","0.2","false","true","500","0","0","4","76","0","0","4","0","16","0","123.225","249.5"
"275","0.5","1","0.5","10","false","0.002","0.2","100","15","2","250","0.2","false","true","500","80","0","0","0","0","20","0","0","0","0","595","537.9"
"277","0.5","1","0.5","10","false","0.002","0.2","100","15","2","250","0.2","false","true","500","80","0","0","0","0","20","0","0","0","0","528.3625","749.05"
"276","0.5","1","0.5","10","false","0.002","0.2","100","15","2","250","0.2","false","true","500","0","48","0","32","0","0","17","0","3","0","315.9875","225.55"
"279","0.5","1","0.5","10","false","0.002","0.2","100","15","2","250","0.2","false","true","500","71","4","5","0","0","19","1","0","0","0","463.7875","507.9"
"278","0.5","1","0.5","10","false","0.002","0.2","100","15","2","250","0.2","false","true","500","3","4","14","59","0","2","9","0","9","0","254.0375","146.15"
"281","0.5","1","0.5","10","false","0.002","0.2","100","20","2","250","0.2","false","true","500","23","6","38","13","0","15","5","0","0","0","316.4625","-27.95"
"280","0.5","1","0.5","10","false","0.002","0.2","100","15","2","250","0.2","false","true","500","0","0","0","80","0","0","0","0","20","0","131.9","73.3"
"282","0.5","1","0.5","10","false","0.002","0.2","100","20","2","250","0.2","false","true","500","21","38","11","10","0","9","4","5","2","0","15.225","1262.55"
"284","0.5","1","0.5","10","false","0.002","0.2","100","20","2","250","0.2","false","true","500","22","4","42","10","2","18","0","2","0","0","322.7125","321.5"
"283","0.5","1","0.5","10","false","0.002","0.2","100","20","2","250","0.2","false","true","500","24","6","38","12","0","11","6","3","0","0","292.475","71.45"
"285","0.5","1","0.5","10","false","0.002","0.2","100","20","2","250","0.2","false","true","500","32","14","23","11","0","15","2","2","1","0","280.1","472.2"
"286","0.5","1","0.5","10","false","0.002","0.2","100","20","2","250","0.2","false","true","500","13","47","12","8","0","9","2","6","3","0","-42.0375","1572.65"
"287","0.5","1","0.5","10","false","0.002","0.2","100","20","2","250","0.2","false","true","500","17","43","7","13","0","11","7","1","1","0","-213.4375","2295.35"
"288","0.5","1","0.5","10","false","0.002","0.2","100","20","2","250","0.2","false","true","500","17","5","46","12","0","15","2","3","0","0","291.75","191.55"
"289","0.5","1","0.5","10","false","0.002","0.2","100","20","2","250","0.2","false","true","500","19","14","34","13","0","15","3","2","0","0","203.1875","742.4"
"290","0.5","1","0.5","10","false","0.002","0.2","100","20","2","250","0.2","false","true","500","26","17","28","9","0","10","6","4","0","0","132.425","879.95"
"291","0.5","1","0.5","10","false","0.002","0.2","100","20","2","250","0.2","false","true","500","26","12","29","13","0","10","5","5","0","0","103.2875","1079.8"
"292","0.5","1","0.5","10","false","0.002","0.2","100","20","2","250","0.2","false","true","500","15","40","8","17","0","5","1","11","3","0","-153.625","1845.8"
"293","0.5","1","0.5","10","false","0.002","0.2","100","20","2","250","0.2","false","true","500","28","4","43","5","0","11","3","6","0","0","276.5125","592"
"294","0.5","1","0.5","10","false","0.002","0.2","100","20","2","250","0.2","false","true","500","33","17","23","7","0","10","6","4","0","0","189.1","702.75"
"295","0.5","1","0.5","10","false","0.002","0.2","100","20","2","250","0.2","false","true","500","33","27","15","5","0","12","4","4","0","0","137.825","1149.4"
"296","0.5","1","0.5","10","false","0.002","0.2","100","20","2","250","0.2","false","true","500","13","12","34","21","0","16","2","2","0","0","123.875","1046.5"
"298","0.5","1","0.5","10","false","0.002","0.2","100","20","2","250","0.2","false","true","500","15","11","41","13","0","12","3","5","0","0","333.575","20.5"
"301","0.5","1","0.5","15","false","0.002","0.2","100","0","2","250","0.2","false","true","500","0","0","0","9","71","0","0","0","9","11","32.0625","30.9"
"302","0.5","1","0.5","15","false","0.002","0.2","100","0","2","250","0.2","false","true","500","9","0","0","0","71","6","0","0","0","14","788.25","881.85"
"297","0.5","1","0.5","10","false","0.002","0.2","100","20","2","250","0.2","false","true","500","20","7","40","13","0","16","1","2","1","0","335.625","60.3"
"303","0.5","1","0.5","15","false","0.002","0.2","100","0","2","250","0.2","false","true","500","0","0","0","9","71","0","0","0","8","12","34.9125","55.95"
"304","0.5","1","0.5","15","false","0.002","0.2","100","0","2","250","0.2","false","true","500","0","0","1","8","71","0","0","1","5","14","25.7875","68.6"
"300","0.5","1","0.5","10","false","0.002","0.2","100","20","2","250","0.2","false","true","500","22","5","42","10","1","14","3","2","1","0","263.125","383.1"
"299","0.5","1","0.5","10","false","0.002","0.2","100","20","2","250","0.2","false","true","500","15","26","17","22","0","12","5","2","1","0","172.35","726.85"
"305","0.5","1","0.5","15","false","0.002","0.2","100","0","2","250","0.2","false","true","500","0","0","8","3","69","0","0","7","2","11","57.075","132.75"
"306","0.5","1","0.5","15","false","0.002","0.2","100","0","2","250","0.2","false","true","500","0","6","0","0","74","0","6","0","0","14","633.825","756.55"
"308","0.5","1","0.5","15","false","0.002","0.2","100","0","2","250","0.2","false","true","500","0","0","0","10","70","0","0","0","9","11","124.25","97.85"
"307","0.5","1","0.5","15","false","0.002","0.2","100","0","2","250","0.2","false","true","500","0","1","0","9","70","0","0","0","9","11","180.4125","25.8"
"309","0.5","1","0.5","15","false","0.002","0.2","100","0","2","250","0.2","false","true","500","0","0","0","9","71","0","0","0","7","13","16.6625","29.55"
"310","0.5","1","0.5","15","false","0.002","0.2","100","0","2","250","0.2","false","true","500","0","0","0","10","70","0","0","0","9","11","24.9125","9.9"
"311","0.5","1","0.5","15","false","0.002","0.2","100","0","2","250","0.2","false","true","500","0","0","0","7","73","0","0","0","6","14","40.0625","90.3"
"312","0.5","1","0.5","15","false","0.002","0.2","100","0","2","250","0.2","false","true","500","0","2","6","1","71","0","1","7","2","10","242.8625","251.65"
"313","0.5","1","0.5","15","false","0.002","0.2","100","0","2","250","0.2","false","true","500","7","2","3","0","68","7","1","1","0","11","567.125","679.95"
"314","0.5","1","0.5","15","false","0.002","0.2","100","0","2","250","0.2","false","true","500","0","0","0","5","75","0","0","0","4","16","25.5125","12.1"
"315","0.5","1","0.5","15","false","0.002","0.2","100","0","2","250","0.2","false","true","500","0","7","0","0","73","0","7","0","0","13","802.4125","849.35"
"316","0.5","1","0.5","15","false","0.002","0.2","100","0","2","250","0.2","false","true","500","2","1","3","3","71","4","0","3","1","12","270.2625","454.9"
"317","0.5","1","0.5","15","false","0.002","0.2","100","0","2","250","0.2","false","true","500","0","0","4","4","72","0","0","3","6","11","89.3125","79.65"
"318","0.5","1","0.5","15","false","0.002","0.2","100","0","2","250","0.2","false","true","500","3","0","4","3","70","3","0","3","4","10","362.2875","345.75"
"319","0.5","1","0.5","15","false","0.002","0.2","100","0","2","250","0.2","false","true","500","1","4","1","2","72","0","4","2","1","13","806.6","546.9"
"320","0.5","1","0.5","15","false","0.002","0.2","100","0","2","250","0.2","false","true","500","13","0","0","0","67","11","0","0","0","9","898.3375","983.4"
"322","0.5","1","0.5","15","false","0.002","0.2","100","5","2","250","0.2","false","true","500","79","0","0","0","1","20","0","0","0","0","568.1375","637.9"
"321","0.5","1","0.5","15","false","0.002","0.2","100","5","2","250","0.2","false","true","500","0","0","80","0","0","1","0","19","0","0","245.05","715.25"
"323","0.5","1","0.5","15","false","0.002","0.2","100","5","2","250","0.2","false","true","500","1","0","79","0","0","0","0","20","0","0","220.15","660.4"
"326","0.5","1","0.5","15","false","0.002","0.2","100","5","2","250","0.2","false","true","500","0","76","0","4","0","0","12","0","8","0","414.6125","150.35"
"324","0.5","1","0.5","15","false","0.002","0.2","100","5","2","250","0.2","false","true","500","0","0","80","0","0","0","0","20","0","0","204.875","698.3"
"325","0.5","1","0.5","15","false","0.002","0.2","100","5","2","250","0.2","false","true","500","0","0","0","80","0","0","0","0","20","0","55.125","87.35"
"327","0.5","1","0.5","15","false","0.002","0.2","100","5","2","250","0.2","false","true","500","1","78","0","0","1","0","20","0","0","0","578.875","245.85"
"328","0.5","1","0.5","15","false","0.002","0.2","100","5","2","250","0.2","false","true","500","73","0","7","0","0","12","0","8","0","0","529.7875","686.95"
"329","0.5","1","0.5","15","false","0.002","0.2","100","5","2","250","0.2","false","true","500","0","0","75","5","0","4","0","16","0","0","202.225","689.55"
"332","0.5","1","0.5","15","false","0.002","0.2","100","5","2","250","0.2","false","true","500","80","0","0","0","0","20","0","0","0","0","554.9625","744.95"
"330","0.5","1","0.5","15","false","0.002","0.2","100","5","2","250","0.2","false","true","500","0","0","0","80","0","0","4","0","16","0","104.15","129.2"
"334","0.5","1","0.5","15","false","0.002","0.2","100","5","2","250","0.2","false","true","500","2","76","0","1","1","0","20","0","0","0","505.325","211.95"
"331","0.5","1","0.5","15","false","0.002","0.2","100","5","2","250","0.2","false","true","500","0","0","1","79","0","0","0","1","19","0","33.475","39.45"
"333","0.5","1","0.5","15","false","0.002","0.2","100","5","2","250","0.2","false","true","500","0","0","80","0","0","0","0","20","0","0","202.475","731.85"
"335","0.5","1","0.5","15","false","0.002","0.2","100","5","2","250","0.2","false","true","500","0","0","80","0","0","5","0","15","0","0","238.4375","677.2"
"336","0.5","1","0.5","15","false","0.002","0.2","100","5","2","250","0.2","false","true","500","78","0","1","0","1","15","0","5","0","0","559.8125","689.8"
"338","0.5","1","0.5","15","false","0.002","0.2","100","5","2","250","0.2","false","true","500","74","0","1","0","5","13","0","7","0","0","582.8375","565.3"
"337","0.5","1","0.5","15","false","0.002","0.2","100","5","2","250","0.2","false","true","500","0","1","74","5","0","0","0","20","0","0","224.6","586.95"
"339","0.5","1","0.5","15","false","0.002","0.2","100","5","2","250","0.2","false","true","500","0","0","80","0","0","0","0","20","0","0","237.4","793.15"
"340","0.5","1","0.5","15","false","0.002","0.2","100","5","2","250","0.2","false","true","500","0","0","79","1","0","7","0","13","0","0","218.675","590.2"
"341","0.5","1","0.5","15","false","0.002","0.2","100","10","2","250","0.2","false","true","500","0","0","49","31","0","0","0","15","5","0","159.775","438.45"
"342","0.5","1","0.5","15","false","0.002","0.2","100","10","2","250","0.2","false","true","500","0","0","77","3","0","0","0","20","0","0","192.2","591.9"
"345","0.5","1","0.5","15","false","0.002","0.2","100","10","2","250","0.2","false","true","500","0","0","80","0","0","1","0","19","0","0","233.1875","784.7"
"346","0.5","1","0.5","15","false","0.002","0.2","100","10","2","250","0.2","false","true","500","3","72","1","4","0","1","13","0","6","0","390.1875","186.3"
"347","0.5","1","0.5","15","false","0.002","0.2","100","10","2","250","0.2","false","true","500","1","0","79","0","0","0","0","20","0","0","261.1125","769.65"
"344","0.5","1","0.5","15","false","0.002","0.2","100","10","2","250","0.2","false","true","500","0","0","60","20","0","0","0","19","1","0","137.4","433"
"343","0.5","1","0.5","15","false","0.002","0.2","100","10","2","250","0.2","false","true","500","0","0","0","80","0","0","0","0","20","0","40.85","75"
"348","0.5","1","0.5","15","false","0.002","0.2","100","10","2","250","0.2","false","true","500","0","0","80","0","0","0","0","20","0","0","232.375","848.55"
"352","0.5","1","0.5","15","false","0.002","0.2","100","10","2","250","0.2","false","true","500","80","0","0","0","0","18","0","2","0","0","591.2875","641.9"
"353","0.5","1","0.5","15","false","0.002","0.2","100","10","2","250","0.2","false","true","500","80","0","0","0","0","19","0","1","0","0","591.95","746.55"
"349","0.5","1","0.5","15","false","0.002","0.2","100","10","2","250","0.2","false","true","500","0","0","80","0","0","1","0","19","0","0","249.425","819.25"
"354","0.5","1","0.5","15","false","0.002","0.2","100","10","2","250","0.2","false","true","500","0","80","0","0","0","0","20","0","0","0","610.275","237.8"
"351","0.5","1","0.5","15","false","0.002","0.2","100","10","2","250","0.2","false","true","500","1","77","0","2","0","0","14","0","6","0","528.1","59.45"
"350","0.5","1","0.5","15","false","0.002","0.2","100","10","2","250","0.2","false","true","500","0","0","80","0","0","1","0","19","0","0","237.375","826.95"
"359","0.5","1","0.5","15","false","0.002","0.2","100","10","2","250","0.2","false","true","500","79","0","0","0","1","20","0","0","0","0","668.8","465.3"
"356","0.5","1","0.5","15","false","0.002","0.2","100","10","2","250","0.2","false","true","500","0","0","80","0","0","3","0","17","0","0","266.5","745.55"
"357","0.5","1","0.5","15","false","0.002","0.2","100","10","2","250","0.2","false","true","500","0","0","80","0","0","1","0","19","0","0","246.5125","753.5"
"358","0.5","1","0.5","15","false","0.002","0.2","100","10","2","250","0.2","false","true","500","1","0","79","0","0","1","0","19","0","0","235.5","693.85"
"355","0.5","1","0.5","15","false","0.002","0.2","100","10","2","250","0.2","false","true","500","0","0","0","80","0","0","0","0","20","0","81.875","22.95"
"360","0.5","1","0.5","15","false","0.002","0.2","100","10","2","250","0.2","false","true","500","0","0","80","0","0","0","0","20","0","0","223.0375","796.35"
"361","0.5","1","0.5","15","false","0.002","0.2","100","15","2","250","0.2","false","true","500","1","0","79","0","0","0","0","20","0","0","254.6375","723.8"
"364","0.5","1","0.5","15","false","0.002","0.2","100","15","2","250","0.2","false","true","500","54","14","5","7","0","10","0","7","3","0","387.4375","402.55"
"362","0.5","1","0.5","15","false","0.002","0.2","100","15","2","250","0.2","false","true","500","1","44","0","35","0","0","10","0","10","0","289.6375","260.3"
"366","0.5","1","0.5","15","false","0.002","0.2","100","15","2","250","0.2","false","true","500","0","0","80","0","0","0","0","20","0","0","269.2375","1000.1"
"367","0.5","1","0.5","15","false","0.002","0.2","100","15","2","250","0.2","false","true","500","0","0","80","0","0","0","0","20","0","0","235.7","827.35"
"365","0.5","1","0.5","15","false","0.002","0.2","100","15","2","250","0.2","false","true","500","0","0","19","61","0","0","3","4","13","0","152.7875","271.6"
"363","0.5","1","0.5","15","false","0.002","0.2","100","15","2","250","0.2","false","true","500","0","0","0","80","0","0","1","0","19","0","42.6625","58.25"
"368","0.5","1","0.5","15","false","0.002","0.2","100","15","2","250","0.2","false","true","500","0","0","80","0","0","0","0","20","0","0","267.4625","675.85"
"370","0.5","1","0.5","15","false","0.002","0.2","100","15","2","250","0.2","false","true","500","41","0","39","0","0","6","0","14","0","0","344.3375","874.55"
"369","0.5","1","0.5","15","false","0.002","0.2","100","15","2","250","0.2","false","true","500","0","0","80","0","0","0","0","20","0","0","236.75","811.65"
"371","0.5","1","0.5","15","false","0.002","0.2","100","15","2","250","0.2","false","true","500","3","0","77","0","0","2","0","18","0","0","255.075","723.55"
"372","0.5","1","0.5","15","false","0.002","0.2","100","15","2","250","0.2","false","true","500","0","0","80","0","0","0","0","20","0","0","228.125","743.4"
"373","0.5","1","0.5","15","false","0.002","0.2","100","15","2","250","0.2","false","true","500","0","0","79","1","0","0","0","20","0","0","240","828.9"
"375","0.5","1","0.5","15","false","0.002","0.2","100","15","2","250","0.2","false","true","500","43","0","37","0","0","18","0","2","0","0","389.45","734.85"
"374","0.5","1","0.5","15","false","0.002","0.2","100","15","2","250","0.2","false","true","500","0","0","0","80","0","0","2","0","18","0","121.3625","-35.6"
"376","0.5","1","0.5","15","false","0.002","0.2","100","15","2","250","0.2","false","true","500","1","52","0","27","0","1","10","3","6","0","221.6","429.15"
"381","0.5","1","0.5","15","false","0.002","0.2","100","20","2","250","0.2","false","true","500","15","2","44","19","0","12","2","6","0","0","466.4375","-691"
"382","0.5","1","0.5","15","false","0.002","0.2","100","20","2","250","0.2","false","true","500","6","20","22","32","0","10","5","4","1","0","-168.475","1874.1"
"380","0.5","1","0.5","15","false","0.002","0.2","100","15","2","250","0.2","false","true","500","0","0","80","0","0","0","0","20","0","0","255.7875","834.55"
"379","0.5","1","0.5","15","false","0.002","0.2","100","15","2","250","0.2","false","true","500","0","0","80","0","0","0","0","20","0","0","247.1125","838.25"
"377","0.5","1","0.5","15","false","0.002","0.2","100","15","2","250","0.2","false","true","500","0","0","0","80","0","0","0","0","20","0","47.75","153.55"
"378","0.5","1","0.5","15","false","0.002","0.2","100","15","2","250","0.2","false","true","500","0","0","37","43","0","0","0","10","10","0","99.6","409"
"383","0.5","1","0.5","15","false","0.002","0.2","100","20","2","250","0.2","false","true","500","7","17","24","32","0","11","5","3","1","0","-76.125","1418"
"384","0.5","1","0.5","15","false","0.002","0.2","100","20","2","250","0.2","false","true","500","10","4","53","12","1","13","1","6","0","0","230.9625","269.2"
"385","0.5","1","0.5","15","false","0.002","0.2","100","20","2","250","0.2","false","true","500","13","23","16","28","0","4","3","11","2","0","-283.4125","2354.95"
"386","0.5","1","0.5","15","false","0.002","0.2","100","20","2","250","0.2","false","true","500","5","16","22","37","0","8","4","4","4","0","124.4625","550.6"
"389","0.5","1","0.5","15","false","0.002","0.2","100","20","2","250","0.2","false","true","500","11","5","43","18","3","5","12","0","3","0","286.4375","-304.8"
"388","0.5","1","0.5","15","false","0.002","0.2","100","20","2","250","0.2","false","true","500","9","11","33","27","0","12","2","4","2","0","113.825","694.5"
"387","0.5","1","0.5","15","false","0.002","0.2","100","20","2","250","0.2","false","true","500","12","6","48","14","0","16","0","4","0","0","399.775","-202.15"
"390","0.5","1","0.5","15","false","0.002","0.2","100","20","2","250","0.2","false","true","500","14","2","50","13","1","12","4","4","0","0","213.325","484.5"
"391","0.5","1","0.5","15","false","0.002","0.2","100","20","2","250","0.2","false","true","500","9","7","41","22","1","12","4","3","1","0","160.5625","539.45"
"394","0.5","1","0.5","15","false","0.002","0.2","100","20","2","250","0.2","false","true","500","13","5","43","19","0","12","3","4","1","0","319.3125","-47.85"
"393","0.5","1","0.5","15","false","0.002","0.2","100","20","2","250","0.2","false","true","500","6","30","14","30","0","12","4","3","1","0","86.15","807.65"
"392","0.5","1","0.5","15","false","0.002","0.2","100","20","2","250","0.2","false","true","500","13","8","47","11","1","16","2","2","0","0","235.7","646.2"
"395","0.5","1","0.5","15","false","0.002","0.2","100","20","2","250","0.2","false","true","500","6","17","23","34","0","9","4","6","1","0","-126.675","1739.15"
"396","0.5","1","0.5","15","false","0.002","0.2","100","20","2","250","0.2","false","true","500","10","4","56","9","1","14","0","5","1","0","285.7625","26.45"
"401","0.5","1","0.5","20","false","0.002","0.2","100","0","2","250","0.2","false","true","500","0","0","4","3","73","0","0","3","3","14","47.2","112.2"
"402","0.5","1","0.5","20","false","0.002","0.2","100","0","2","250","0.2","false","true","500","0","10","0","0","70","0","9","0","0","11","929.5125","880.8"
"397","0.5","1","0.5","15","false","0.002","0.2","100","20","2","250","0.2","false","true","500","13","4","51","11","1","16","1","3","0","0","428.75","-534"
"403","0.5","1","0.5","20","false","0.002","0.2","100","0","2","250","0.2","false","true","500","0","0","9","0","71","0","0","10","0","10","95.8875","240.45"
"404","0.5","1","0.5","20","false","0.002","0.2","100","0","2","250","0.2","false","true","500","0","0","9","0","71","3","0","4","0","13","144.3125","522.85"
"405","0.5","1","0.5","20","false","0.002","0.2","100","0","2","250","0.2","false","true","500","0","0","5","0","75","0","0","5","0","15","95.325","160"
"406","0.5","1","0.5","20","false","0.002","0.2","100","0","2","250","0.2","false","true","500","0","0","0","9","71","0","0","0","8","12","40.5625","76.05"
"407","0.5","1","0.5","20","false","0.002","0.2","100","0","2","250","0.2","false","true","500","0","0","0","8","72","0","0","0","8","12","69.2","67.25"
"408","0.5","1","0.5","20","false","0.002","0.2","100","0","2","250","0.2","false","true","500","0","0","11","0","69","0","0","10","0","10","69.1875","172.6"
"398","0.5","1","0.5","15","false","0.002","0.2","100","20","2","250","0.2","false","true","500","8","10","32","30","0","6","5","4","5","0","292.525","-291.05"
"409","0.5","1","0.5","20","false","0.002","0.2","100","0","2","250","0.2","false","true","500","0","0","0","8","72","0","0","0","7","13","43.7125","42.25"
"399","0.5","1","0.5","15","false","0.002","0.2","100","20","2","250","0.2","false","true","500","13","9","35","23","0","9","9","2","0","0","147.725","526.05"
"410","0.5","1","0.5","20","false","0.002","0.2","100","0","2","250","0.2","false","true","500","0","0","2","8","70","0","0","2","9","9","104.65","101.4"
"412","0.5","1","0.5","20","false","0.002","0.2","100","0","2","250","0.2","false","true","500","0","0","0","13","67","0","0","0","11","9","114.0625","181.55"
"411","0.5","1","0.5","20","false","0.002","0.2","100","0","2","250","0.2","false","true","500","0","5","0","5","70","0","8","0","1","11","310.55","664.95"
"413","0.5","1","0.5","20","false","0.002","0.2","100","0","2","250","0.2","false","true","500","3","5","0","0","72","1","5","0","0","14","930.2375","885.65"
"400","0.5","1","0.5","15","false","0.002","0.2","100","20","2","250","0.2","false","true","500","17","21","16","26","0","12","3","4","1","0","-285.2625","2351.9"
"414","0.5","1","0.5","20","false","0.002","0.2","100","0","2","250","0.2","false","true","500","0","0","0","7","73","0","0","0","6","14","95.65","13.9"
"415","0.5","1","0.5","20","false","0.002","0.2","100","0","2","250","0.2","false","true","500","0","4","0","5","71","0","3","0","4","13","356.9875","221.8"
"416","0.5","1","0.5","20","false","0.002","0.2","100","0","2","250","0.2","false","true","500","0","2","6","5","67","1","2","5","3","9","188.575","218.8"
"417","0.5","1","0.5","20","false","0.002","0.2","100","0","2","250","0.2","false","true","500","10","0","0","0","70","7","0","0","0","13","897.1875","945.1"
"419","0.5","1","0.5","20","false","0.002","0.2","100","0","2","250","0.2","false","true","500","0","0","0","8","72","0","0","0","8","12","132.0875","62.85"
"418","0.5","1","0.5","20","false","0.002","0.2","100","0","2","250","0.2","false","true","500","0","6","0","2","72","0","8","0","0","12","473.7","793.1"
"420","0.5","1","0.5","20","false","0.002","0.2","100","0","2","250","0.2","false","true","500","0","10","0","0","70","0","9","0","0","11","936.6625","748"
"421","0.5","1","0.5","20","false","0.002","0.2","100","5","2","250","0.2","false","true","500","0","0","76","4","0","0","0","18","2","0","220.5875","625.8"
"422","0.5","1","0.5","20","false","0.002","0.2","100","5","2","250","0.2","false","true","500","0","0","80","0","0","1","0","19","0","0","229.175","721.15"
"423","0.5","1","0.5","20","false","0.002","0.2","100","5","2","250","0.2","false","true","500","0","0","80","0","0","0","0","20","0","0","194.4625","631.6"
"425","0.5","1","0.5","20","false","0.002","0.2","100","5","2","250","0.2","false","true","500","68","1","11","0","0","14","0","5","0","1","434.475","592"
"424","0.5","1","0.5","20","false","0.002","0.2","100","5","2","250","0.2","false","true","500","0","0","80","0","0","1","0","19","0","0","205.7625","700.8"
"426","0.5","1","0.5","20","false","0.002","0.2","100","5","2","250","0.2","false","true","500","0","0","79","1","0","0","0","20","0","0","190.1125","687"
"427","0.5","1","0.5","20","false","0.002","0.2","100","5","2","250","0.2","false","true","500","0","0","79","0","1","0","0","20","0","0","221.8625","656.9"
"429","0.5","1","0.5","20","false","0.002","0.2","100","5","2","250","0.2","false","true","500","80","0","0","0","0","20","0","0","0","0","669.6375","598.25"
"431","0.5","1","0.5","20","false","0.002","0.2","100","5","2","250","0.2","false","true","500","77","2","0","0","1","20","0","0","0","0","631.975","718.2"
"428","0.5","1","0.5","20","false","0.002","0.2","100","5","2","250","0.2","false","true","500","0","0","0","80","0","0","1","0","19","0","62.3","129"
"430","0.5","1","0.5","20","false","0.002","0.2","100","5","2","250","0.2","false","true","500","77","0","3","0","0","10","0","10","0","0","507.55","648.15"
"432","0.5","1","0.5","20","false","0.002","0.2","100","5","2","250","0.2","false","true","500","0","0","80","0","0","0","0","20","0","0","211.075","770.8"
"433","0.5","1","0.5","20","false","0.002","0.2","100","5","2","250","0.2","false","true","500","0","0","79","0","1","6","0","14","0","0","243.8","803.25"
"434","0.5","1","0.5","20","false","0.002","0.2","100","5","2","250","0.2","false","true","500","0","0","78","2","0","1","0","19","0","0","171.95","567.2"
"436","0.5","1","0.5","20","false","0.002","0.2","100","5","2","250","0.2","false","true","500","0","0","80","0","0","2","0","18","0","0","220.225","721.55"
"438","0.5","1","0.5","20","false","0.002","0.2","100","5","2","250","0.2","false","true","500","0","78","0","0","2","0","20","0","0","0","570.2375","280.6"
"435","0.5","1","0.5","20","false","0.002","0.2","100","5","2","250","0.2","false","true","500","0","0","0","80","0","0","0","0","20","0","60.4875","70.4"
"437","0.5","1","0.5","20","false","0.002","0.2","100","5","2","250","0.2","false","true","500","0","0","79","1","0","0","0","20","0","0","197.3","574.7"
"439","0.5","1","0.5","20","false","0.002","0.2","100","5","2","250","0.2","false","true","500","0","80","0","0","0","0","20","0","0","0","561.075","244"
"440","0.5","1","0.5","20","false","0.002","0.2","100","5","2","250","0.2","false","true","500","78","0","1","0","1","20","0","0","0","0","661.625","494.25"
"441","0.5","1","0.5","20","false","0.002","0.2","100","10","2","250","0.2","false","true","500","1","79","0","0","0","0","20","0","0","0","678.9625","259"
"443","0.5","1","0.5","20","false","0.002","0.2","100","10","2","250","0.2","false","true","500","6","65","0","9","0","6","14","0","0","0","372.175","437.1"
"442","0.5","1","0.5","20","false","0.002","0.2","100","10","2","250","0.2","false","true","500","14","0","66","0","0","9","0","11","0","0","337.6875","736.55"
"444","0.5","1","0.5","20","false","0.002","0.2","100","10","2","250","0.2","false","true","500","0","0","80","0","0","0","0","20","0","0","235.8625","795.95"
"447","0.5","1","0.5","20","false","0.002","0.2","100","10","2","250","0.2","false","true","500","0","0","80","0","0","2","0","18","0","0","247.7875","790.05"
"445","0.5","1","0.5","20","false","0.002","0.2","100","10","2","250","0.2","false","true","500","0","0","1","79","0","0","0","0","20","0","97.125","37.95"
"446","0.5","1","0.5","20","false","0.002","0.2","100","10","2","250","0.2","false","true","500","0","0","0","80","0","0","0","0","20","0","23.1625","53.7"
"448","0.5","1","0.5","20","false","0.002","0.2","100","10","2","250","0.2","false","true","500","0","0","79","1","0","1","0","19","0","0","224.925","644.85"
"450","0.5","1","0.5","20","false","0.002","0.2","100","10","2","250","0.2","false","true","500","69","0","11","0","0","11","0","9","0","0","433.6125","703.85"
"449","0.5","1","0.5","20","false","0.002","0.2","100","10","2","250","0.2","false","true","500","0","0","76","4","0","1","0","19","0","0","207.8875","670.55"
"451","0.5","1","0.5","20","false","0.002","0.2","100","10","2","250","0.2","false","true","500","4","0","75","1","0","2","0","18","0","0","284.5","492.1"
"452","0.5","1","0.5","20","false","0.002","0.2","100","10","2","250","0.2","false","true","500","0","0","78","2","0","3","0","17","0","0","148.35","582.85"
"453","0.5","1","0.5","20","false","0.002","0.2","100","10","2","250","0.2","false","true","500","0","0","80","0","0","0","0","20","0","0","230.375","794.5"
"454","0.5","1","0.5","20","false","0.002","0.2","100","10","2","250","0.2","false","true","500","0","0","80","0","0","0","0","20","0","0","235","846.55"
"455","0.5","1","0.5","20","false","0.002","0.2","100","10","2","250","0.2","false","true","500","0","0","80","0","0","0","0","20","0","0","223.7","752.25"
"457","0.5","1","0.5","20","false","0.002","0.2","100","10","2","250","0.2","false","true","500","1","0","79","0","0","1","0","19","0","0","263.4375","899.55"
"456","0.5","1","0.5","20","false","0.002","0.2","100","10","2","250","0.2","false","true","500","0","1","61","18","0","2","0","15","3","0","220.7625","499.4"
"460","0.5","1","0.5","20","false","0.002","0.2","100","10","2","250","0.2","false","true","500","80","0","0","0","0","20","0","0","0","0","622.45","756.05"
"458","0.5","1","0.5","20","false","0.002","0.2","100","10","2","250","0.2","false","true","500","0","0","80","0","0","0","0","20","0","0","219.4","839.45"
"459","0.5","1","0.5","20","false","0.002","0.2","100","10","2","250","0.2","false","true","500","0","0","0","80","0","0","0","0","20","0","63.05","36.75"
"461","0.5","1","0.5","20","false","0.002","0.2","100","15","2","250","0.2","false","true","500","0","0","80","0","0","0","0","20","0","0","226.8625","723.8"
"462","0.5","1","0.5","20","false","0.002","0.2","100","15","2","250","0.2","false","true","500","0","0","77","3","0","0","0","20","0","0","193.8125","707.8"
"463","0.5","1","0.5","20","false","0.002","0.2","100","15","2","250","0.2","false","true","500","0","0","77","3","0","3","0","17","0","0","174.9625","585.1"
"465","0.5","1","0.5","20","false","0.002","0.2","100","15","2","250","0.2","false","true","500","0","0","80","0","0","0","0","20","0","0","234.7375","827"
"464","0.5","1","0.5","20","false","0.002","0.2","100","15","2","250","0.2","false","true","500","1","0","78","1","0","0","0","19","1","0","195.475","597.75"
"466","0.5","1","0.5","20","false","0.002","0.2","100","15","2","250","0.2","false","true","500","0","1","77","2","0","0","0","18","2","0","198.2625","665.2"
"467","0.5","1","0.5","20","false","0.002","0.2","100","15","2","250","0.2","false","true","500","0","0","62","18","0","0","0","17","3","0","172.8","496.2"
"470","0.5","1","0.5","20","false","0.002","0.2","100","15","2","250","0.2","false","true","500","80","0","0","0","0","20","0","0","0","0","669.2","639.8"
"469","0.5","1","0.5","20","false","0.002","0.2","100","15","2","250","0.2","false","true","500","0","0","66","14","0","2","0","16","2","0","183.4","536.3"
"468","0.5","1","0.5","20","false","0.002","0.2","100","15","2","250","0.2","false","true","500","0","8","4","68","0","0","2","0","18","0","210.8875","242.3"
"471","0.5","1","0.5","20","false","0.002","0.2","100","15","2","250","0.2","false","true","500","13","0","67","0","0","3","0","17","0","0","313.8625","854.05"
"472","0.5","1","0.5","20","false","0.002","0.2","100","15","2","250","0.2","false","true","500","0","0","80","0","0","0","0","20","0","0","292.85","794.8"
"473","0.5","1","0.5","20","false","0.002","0.2","100","15","2","250","0.2","false","true","500","0","0","0","80","0","0","0","0","20","0","43.275","56.75"
"474","0.5","1","0.5","20","false","0.002","0.2","100","15","2","250","0.2","false","true","500","0","49","0","31","0","0","5","0","15","0","229.6625","386.7"
"475","0.5","1","0.5","20","false","0.002","0.2","100","15","2","250","0.2","false","true","500","0","0","80","0","0","4","0","16","0","0","247.4625","737.45"
"478","0.5","1","0.5","20","false","0.002","0.2","100","15","2","250","0.2","false","true","500","0","0","80","0","0","0","0","20","0","0","234.6625","821.15"
"476","0.5","1","0.5","20","false","0.002","0.2","100","15","2","250","0.2","false","true","500","0","0","3","77","0","0","0","0","20","0","158.9375","121.3"
"477","0.5","1","0.5","20","false","0.002","0.2","100","15","2","250","0.2","false","true","500","0","0","0","80","0","0","1","0","19","0","84.6875","15.75"
"479","0.5","1","0.5","20","false","0.002","0.2","100","15","2","250","0.2","false","true","500","1","0","78","1","0","1","0","18","1","0","181.25","730.85"
"481","0.5","1","0.5","20","false","0.002","0.2","100","20","2","250","0.2","false","true","500","11","8","36","25","0","9","1","9","1","0","278.1625","-10.2"
"482","0.5","1","0.5","20","false","0.002","0.2","100","20","2","250","0.2","false","true","500","7","1","49","21","2","8","7","4","1","0","900.325","-2829.35"
"480","0.5","1","0.5","20","false","0.002","0.2","100","15","2","250","0.2","false","true","500","0","0","80","0","0","0","0","20","0","0","218.25","774.4"
"483","0.5","1","0.5","20","false","0.002","0.2","100","20","2","250","0.2","false","true","500","10","6","56","7","1","8","6","6","0","0","316.1625","-329.6"
"484","0.5","1","0.5","20","false","0.002","0.2","100","20","2","250","0.2","false","true","500","8","5","47","20","0","14","3","2","1","0","286.1375","-167.65"
"486","0.5","1","0.5","20","false","0.002","0.2","100","20","2","250","0.2","false","true","500","16","6","38","13","7","14","1","5","0","0","477.5625","-525.3"
"485","0.5","1","0.5","20","false","0.002","0.2","100","20","2","250","0.2","false","true","500","4","15","14","47","0","12","5","3","0","0","-61.525","1261.75"
"487","0.5","1","0.5","20","false","0.002","0.2","100","20","2","250","0.2","false","true","500","15","9","40","16","0","16","2","1","1","0","180.375","633.2"
"489","0.5","1","0.5","20","false","0.002","0.2","100","20","2","250","0.2","false","true","500","4","14","15","47","0","10","2","6","2","0","132.9375","383.55"
"488","0.5","1","0.5","20","false","0.002","0.2","100","20","2","250","0.2","false","true","500","7","12","32","29","0","11","0","7","2","0","36.2625","1112.65"
"490","0.5","1","0.5","20","false","0.002","0.2","100","20","2","250","0.2","false","true","500","11","4","53","12","0","15","2","3","0","0","213.4125","464.6"
"491","0.5","1","0.5","20","false","0.002","0.2","100","20","2","250","0.2","false","true","500","10","17","11","42","0","3","0","13","4","0","-267.8875","2029.8"
"493","0.5","1","0.5","20","false","0.002","0.2","100","20","2","250","0.2","false","true","500","10","10","28","32","0","12","1","6","1","0","26.9125","1199.5"
"492","0.5","1","0.5","20","false","0.002","0.2","100","20","2","250","0.2","false","true","500","9","12","34","24","1","9","6","5","0","0","99.075","766.25"
"494","0.5","1","0.5","20","false","0.002","0.2","100","20","2","250","0.2","false","true","500","15","3","49","11","2","15","3","2","0","0","230.9125","305.75"
"495","0.5","1","0.5","20","false","0.002","0.2","100","20","2","250","0.2","false","true","500","6","17","17","40","0","13","3","4","0","0","-374.125","2769.35"
"496","0.5","1","0.5","20","false","0.002","0.2","100","20","2","250","0.2","false","true","500","7","23","10","40","0","3","1","14","2","0","-334.5375","2204"
"497","0.5","1","0.5","20","false","0.002","0.2","100","20","2","250","0.2","false","true","500","10","9","24","37","0","7","1","8","4","0","-225.975","1924.1"
"498","0.5","1","0.5","20","false","0.002","0.2","100","20","2","250","0.2","false","true","500","5","22","18","35","0","7","5","7","1","0","-263.2","2232.35"
"500","0.5","1","0.5","20","false","0.002","0.2","100","20","2","250","0.2","false","true","500","7","25","12","36","0","7","7","5","1","0","-442.9375","2785.1"
"499","0.5","1","0.5","20","false","0.002","0.2","100","20","2","250","0.2","false","true","500","5","11","20","44","0","12","6","2","0","0","-18.575","1172.3"
